<?xml version="1.0" encoding="UTF-8" ?>
<!DOCTYPE configuration
  PUBLIC "-//mybatis.org//DTD Config 3.0//EN"
  "http://mybatis.org/dtd/mybatis-3-config.dtd">
<configuration>
	<typeAliases>
		<typeAlias type="com.readbooks.bookvo.BookVO" alias="book" />
		<typeAlias type="com.readbooks.adminvo.AdminVO" alias="adminvo" />
		<typeAlias type="com.readbooks.ordervo.OrderVO" alias="order" />
		<typeAlias type="com.readbooks.uservo.UserVO" alias="user" />
		<typeAlias type="com.readbooks.boardvo.FAQVO" alias="faq" />
		<typeAlias type="com.readbooks.boardvo.NoticeVO" alias="notice" />
		<typeAlias type="com.readbooks.boardvo.InquireVO" alias="inquire" />
		<typeAlias type="com.readbooks.agreementvo.AgreementVO" alias="agreement" />
	</typeAliases>
</configuration>